0,停止飛石26(後)R.wav
1,Thumbs.db
2,停止飛石26(後)D.wav
3,停止飛石26(後)F.wav
4,ドア打痕2D.wav
5,前バンパー打痕R.wav
6,60kmF.wav
7,雨(後.wav
8,じゃりD.wav
9,石巻上げF.wav
10,走行中打音1R.wav
11,.DS_Store
12,停止飛石26(直)F.wav
13,走行中打音1D.wav
14,じゃりR.wav
15,運転席ドア閉F.wav
16,前バンパー打痕D.wav
17,ドア打痕2R.wav
18,60kmR.wav
19,前バンパー打痕F.wav
20,運転席ドア閉D.wav
21,走行中打音1F.wav
22,石巻上げR.wav
23,停止飛石26(直)R.wav
24,停止飛石26(直)D.wav
25,石巻上げD.wav
26,じゃりF.wav
27,運転席ドア閉R.wav
28,60kmD.wav
29,ドア打痕2F.wav
30,サイドBD.wav
31,走行傷3F.wav
32,ドア投石(逆隣)F.wav
33,40kmF.wav
34,木の枝F.wav
35,ドア投石(隣)D.wav
36,ドア投石(隣)R.wav
37,台風80km24F.wav
38,ドア打痕F.wav
39,サイドBR.wav
40,ドア打痕D.wav
41,走行傷3R.wav
42,台風80km24D.wav
43,ドア投石(逆隣)R.wav
44,木の枝R.wav
45,40kmR.wav
46,ドア投石(隣)F.wav
47,40kmD.wav
48,木の枝D.wav
49,ドア投石(逆隣)D.wav
50,台風80km24R.wav
51,ドア打痕R.wav
52,走行傷3D.wav
53,サイドBF.wav
54,水F.wav
55,走行傷2D.wav
56,停止飛石26前2F.wav
57,前バンパー投石R.wav
58,50kmR.wav
59,50kmD.wav
60,雨(ドア).wav
61,前バンパー投石D.wav
62,走行傷2R.wav
63,20km投石(大)F_00.wav
64,水R.wav
65,停止飛石26前2R.wav
66,前バンパー投石F.wav
67,50kmF.wav
68,停止飛石26前2D.wav
69,走行傷2F.wav
70,水D.wav
71,20km投石R.wav
72,タイヤR.wav
73,ドア投石(直)R.wav
74,右ドア打痕D.wav
75,車内落下R.wav
76,走行打痕5kmD.wav
77,走行中打音4R.wav
78,90kmD.wav
79,走行中打音4D.wav
80,90kmR.wav
81,右ドア打痕R.wav
82,走行打痕5kmR.wav
83,車内落下D.wav
84,雨1F.wav
85,ドア投石(直)D.wav
86,タイヤD.wav
87,走行傷1F.wav
88,20km投石D.wav
89,きしみF.wav
90,20km投石F.wav
91,きしみD.wav
92,走行傷1D.wav
93,タイヤF.wav
94,ドア投石(直)F.wav
95,雨1D.wav
96,車内落下F.wav
97,走行中打音4F.wav
98,90kmF.wav
99,走行打痕5kmF.wav
100,右ドア打痕F.wav
101,雨1R.wav
102,走行傷1R.wav
103,きしみR.wav
104,後バンパー投石D.wav
105,車内たたくD.wav
106,120kmD.wav
107,車止めR.wav
108,雨(前.wav
109,80kmF.wav
110,ドア閉F.wav
111,車止めD.wav
112,120kmR.wav
113,車内たたくR.wav
114,後バンパー投石R.wav
115,停車投石F.wav
116,停車投石D.wav
117,車止めF.wav
118,ドア閉D.wav
119,80kmD.wav
120,80kmR.wav
121,ドア閉R.wav
122,ドア投石(直)D_00.wav
123,120kmF.wav
124,後バンパー投石F.wav
125,車内たたくF.wav
126,停車投石R.wav
127,20km投石(大)D.wav
128,PWF.wav
129,100kmD.wav
130,train.csv
131,鉄板D.wav
132,車内拍手F.wav
133,枝(小)R.wav
134,ハッチD.wav
135,走行中打音2F.wav
136,ハッチR.wav
137,枝(小)D.wav
138,20km投石(大)R.wav
139,鉄板R.wav
140,100kmR.wav
141,PWR.wav
142,車内拍手R.wav
143,枝(小)F.wav
144,走行中打音2R.wav
145,走行中打音2D.wav
146,ハッチF.wav
147,車内拍手D.wav
148,100kmF.wav
149,鉄板F.wav
150,20km投石(大)F.wav
151,PWD.wav
152,後バンパー打痕D.wav
153,60k悪路F.wav
154,ドア投石(逆)D.wav
155,停止飛石26前F.wav
156,走行中打音3D.wav
157,走行中打音3R.wav
158,ドア投石(逆)R.wav
159,110kmF.wav
160,停止飛石26(隣)F.wav
161,後バンパー打痕R.wav
162,停止飛石26(隣)D.wav
163,110kmD.wav
164,60k悪路R.wav
165,停止飛石26前R.wav
166,走行中打音3F.wav
167,ドア投石(逆)F.wav
168,停止飛石26前D.wav
169,110kmR.wav
170,60k悪路D.wav
171,停止飛石26(隣)R.wav
172,後バンパー打痕F.wav
